datetime,open,high,low,close,volume,dividends,stock splits
2024-11-01 09:30:00-04:00,252.04299926757812,254.0,251.69000244140625,252.2100067138672,4086240,0.0,0.0
2024-11-01 09:35:00-04:00,252.16000366210938,253.49000549316406,251.11000061035156,253.35000610351562,1248065,0.0,0.0
2024-11-01 09:40:00-04:00,253.3820037841797,253.7899932861328,252.4300994873047,252.78500366210938,1253268,0.0,0.0
2024-11-01 09:45:00-04:00,252.77000427246094,252.82989501953125,250.4499969482422,251.77520751953125,1585229,0.0,0.0
2024-11-01 09:50:00-04:00,251.74000549316406,251.80999755859375,249.75999450683594,250.0496063232422,1379971,0.0,0.0
2024-11-01 09:55:00-04:00,250.02000427246094,251.32989501953125,249.9539031982422,250.89999389648438,845957,0.0,0.0
2024-11-01 10:00:00-04:00,250.97999572753906,251.14999389648438,249.66000366210938,250.18060302734375,975574,0.0,0.0
2024-11-01 10:05:00-04:00,250.1999969482422,250.8699951171875,249.75999450683594,250.7299041748047,903560,0.0,0.0
2024-11-01 10:10:00-04:00,250.66000366210938,252.52000427246094,250.64010620117188,252.47000122070312,1371632,0.0,0.0
2024-11-01 10:15:00-04:00,252.41070556640625,252.5998992919922,251.7700958251953,252.35000610351562,801035,0.0,0.0
2024-11-01 10:20:00-04:00,252.32000732421875,252.36990356445312,250.91000366210938,251.19009399414062,778063,0.0,0.0
2024-11-01 10:25:00-04:00,251.21499633789062,252.19000244140625,251.10000610351562,252.14669799804688,564452,0.0,0.0
2024-11-01 10:30:00-04:00,252.1898956298828,252.89999389648438,252.1750030517578,252.68499755859375,823324,0.0,0.0
2024-11-01 10:35:00-04:00,252.72479248046875,252.94509887695312,252.0601043701172,252.3533935546875,585134,0.0,0.0
2024-11-01 10:40:00-04:00,251.92990112304688,251.9320068359375,250.89999389648438,251.3000946044922,690377,0.0,0.0
2024-11-01 10:45:00-04:00,251.33920288085938,251.60000610351562,250.63999938964844,251.47000122070312,531830,0.0,0.0
2024-11-01 10:50:00-04:00,251.53500366210938,251.67970275878906,250.810302734375,251.60989379882812,407857,0.0,0.0
2024-11-01 10:55:00-04:00,251.58999633789062,252.5,251.51499938964844,252.4001007080078,600946,0.0,0.0
2024-11-01 11:00:00-04:00,252.39999389648438,252.57000732421875,251.83009338378906,252.4788055419922,509654,0.0,0.0
2024-11-01 11:05:00-04:00,252.4600067138672,252.69000244140625,251.52000427246094,251.67999267578125,460765,0.0,0.0
2024-11-01 11:10:00-04:00,251.68960571289062,252.89999389648438,251.3300018310547,252.87989807128906,553724,0.0,0.0
2024-11-01 11:15:00-04:00,252.85000610351562,253.4499969482422,252.75999450683594,253.14999389648438,882236,0.0,0.0
2024-11-01 11:20:00-04:00,253.14999389648438,253.1999969482422,252.4499969482422,252.8300018310547,602491,0.0,0.0
2024-11-01 11:25:00-04:00,252.82000732421875,253.00999450683594,252.5399932861328,252.6199951171875,356376,0.0,0.0
2024-11-01 11:30:00-04:00,252.6320037841797,252.99000549316406,252.2200927734375,252.73719787597656,718010,0.0,0.0
2024-11-01 11:35:00-04:00,252.75999450683594,252.78379821777344,252.10000610351562,252.47999572753906,371831,0.0,0.0
2024-11-01 11:40:00-04:00,252.4199981689453,252.5399932861328,251.0800018310547,251.22999572753906,844521,0.0,0.0
2024-11-01 11:45:00-04:00,251.22950744628906,251.4499969482422,250.64999389648438,250.89500427246094,790393,0.0,0.0
2024-11-01 11:50:00-04:00,250.88999938964844,251.05990600585938,250.21009826660156,250.69000244140625,876760,0.0,0.0
2024-11-01 11:55:00-04:00,250.70880126953125,250.72999572753906,250.11000061035156,250.25799560546875,452826,0.0,0.0
2024-11-01 12:00:00-04:00,250.2550048828125,250.60000610351562,250.0,250.59829711914062,791926,0.0,0.0
2024-11-01 12:05:00-04:00,250.57730102539062,250.9199981689453,250.25999450683594,250.89999389648438,447024,0.0,0.0
2024-11-01 12:10:00-04:00,250.9019012451172,251.05999755859375,250.70010375976562,250.8300018310547,224672,0.0,0.0
2024-11-01 12:15:00-04:00,250.30999755859375,250.32000732421875,248.6999969482422,248.9774932861328,1650272,0.0,0.0
2024-11-01 12:20:00-04:00,248.9600067138672,249.49000549316406,248.75,249.3018035888672,613303,0.0,0.0
2024-11-01 12:25:00-04:00,249.32000732421875,249.4499969482422,248.7200927734375,249.25,499093,0.0,0.0
2024-11-01 12:30:00-04:00,248.25999450683594,249.2845001220703,248.14999389648438,248.75,968410,0.0,0.0
2024-11-01 12:35:00-04:00,248.76499938964844,249.0399932861328,248.30999755859375,248.6999969482422,565612,0.0,0.0
2024-11-01 12:40:00-04:00,248.6999969482422,248.6999969482422,247.41000366210938,247.5,944537,0.0,0.0
2024-11-01 12:45:00-04:00,247.66000366210938,247.7698974609375,247.1999969482422,247.20179748535156,800144,0.0,0.0
2024-11-01 12:50:00-04:00,247.22000122070312,247.7698974609375,247.1300048828125,247.2100067138672,618288,0.0,0.0
2024-11-01 12:55:00-04:00,247.2174072265625,247.5299072265625,246.75840759277344,246.9499969482422,812178,0.0,0.0
2024-11-01 13:00:00-04:00,246.89999389648438,247.33999633789062,246.67999267578125,247.1649932861328,625285,0.0,0.0
2024-11-01 13:05:00-04:00,247.1300048828125,247.4698028564453,246.6300048828125,246.89610290527344,814179,0.0,0.0
2024-11-01 13:10:00-04:00,246.85989379882812,247.75990295410156,246.75,247.6237030029297,635187,0.0,0.0
2024-11-01 13:15:00-04:00,247.63999938964844,247.8800048828125,247.5399932861328,247.80499267578125,339983,0.0,0.0
2024-11-01 13:20:00-04:00,247.82000732421875,248.39999389648438,247.6699981689453,248.30999755859375,500325,0.0,0.0
2024-11-01 13:25:00-04:00,248.32000732421875,248.67999267578125,248.16000366210938,248.54550170898438,685008,0.0,0.0
2024-11-01 13:30:00-04:00,248.51010131835938,248.716796875,247.75010681152344,247.91000366210938,633229,0.0,0.0
2024-11-01 13:35:00-04:00,247.89500427246094,248.08880615234375,247.4001007080078,247.50990295410156,497556,0.0,0.0
2024-11-01 13:40:00-04:00,247.51589965820312,247.51589965820312,247.1199951171875,247.25999450683594,326246,0.0,0.0
2024-11-01 13:45:00-04:00,247.277099609375,247.52999877929688,247.08999633789062,247.29010009765625,323683,0.0,0.0
2024-11-01 13:50:00-04:00,247.3531951904297,247.92999267578125,247.32000732421875,247.72999572753906,332681,0.0,0.0
2024-11-01 13:55:00-04:00,247.72999572753906,247.77000427246094,246.81179809570312,246.86940002441406,594489,0.0,0.0
2024-11-01 14:00:00-04:00,246.86000061035156,247.47999572753906,246.82000732421875,247.3699951171875,490836,0.0,0.0
2024-11-01 14:05:00-04:00,247.33299255371094,247.36990356445312,246.82000732421875,247.22000122070312,384207,0.0,0.0
2024-11-01 14:10:00-04:00,247.1999053955078,247.6999969482422,246.88009643554688,247.63499450683594,411803,0.0,0.0
2024-11-01 14:15:00-04:00,247.61000061035156,247.93850708007812,247.50999450683594,247.50999450683594,368671,0.0,0.0
2024-11-01 14:20:00-04:00,247.53990173339844,248.1199951171875,247.32000732421875,248.0800018310547,434200,0.0,0.0
2024-11-01 14:25:00-04:00,248.08770751953125,248.3800048828125,247.9499969482422,248.22500610351562,402233,0.0,0.0
2024-11-01 14:30:00-04:00,248.1800994873047,248.3800048828125,248.0,248.34500122070312,355091,0.0,0.0
2024-11-01 14:35:00-04:00,248.34080505371094,248.3800048828125,247.77000427246094,248.0399932861328,327365,0.0,0.0
2024-11-01 14:40:00-04:00,248.0749969482422,248.30990600585938,247.72999572753906,248.0363006591797,308895,0.0,0.0
2024-11-01 14:45:00-04:00,248.02000427246094,248.1300048828125,247.5399932861328,247.66000366210938,330844,0.0,0.0
2024-11-01 14:50:00-04:00,247.6999969482422,247.89999389648438,247.60000610351562,247.6300048828125,244840,0.0,0.0
2024-11-01 14:55:00-04:00,247.68980407714844,248.11000061035156,247.4499969482422,248.02999877929688,300630,0.0,0.0
2024-11-01 15:00:00-04:00,248.0135040283203,248.16000366210938,247.6999969482422,248.125,325138,0.0,0.0
2024-11-01 15:05:00-04:00,248.13999938964844,248.66990661621094,247.99000549316406,248.57000732421875,460905,0.0,0.0
2024-11-01 15:10:00-04:00,248.5601043701172,249.27000427246094,248.47999572753906,249.125,643012,0.0,0.0
2024-11-01 15:15:00-04:00,249.07000732421875,249.5500030517578,248.82009887695312,249.4434051513672,556975,0.0,0.0
2024-11-01 15:20:00-04:00,249.42999267578125,249.49000549316406,248.89999389648438,249.05999755859375,397115,0.0,0.0
2024-11-01 15:25:00-04:00,249.14390563964844,249.27999877929688,248.85000610351562,249.16000366210938,281782,0.0,0.0
2024-11-01 15:30:00-04:00,249.11500549316406,249.28990173339844,248.7111053466797,249.0023956298828,433858,0.0,0.0
2024-11-01 15:35:00-04:00,248.97000122070312,249.0854034423828,248.6999969482422,249.0299072265625,301188,0.0,0.0
2024-11-01 15:40:00-04:00,248.97999572753906,249.3300018310547,248.8675994873047,248.92990112304688,415551,0.0,0.0
2024-11-01 15:45:00-04:00,248.86000061035156,248.98989868164062,248.52000427246094,248.69000244140625,567356,0.0,0.0
2024-11-01 15:50:00-04:00,248.66000366210938,249.0,248.13999938964844,248.9582977294922,736896,0.0,0.0
2024-11-01 15:55:00-04:00,248.92999267578125,249.35989379882812,248.75999450683594,248.85000610351562,1585623,0.0,0.0
2024-11-04 09:30:00-05:00,244.55999755859375,245.32000732421875,241.44009399414062,241.67739868164062,6321326,0.0,0.0
2024-11-04 09:35:00-05:00,241.72000122070312,241.86000061035156,238.8800048828125,239.36000061035156,3456983,0.0,0.0
2024-11-04 09:40:00-05:00,239.38499450683594,241.33999633789062,238.91000366210938,241.0850067138672,2647186,0.0,0.0
2024-11-04 09:45:00-05:00,241.08999633789062,242.55999755859375,241.05999755859375,242.21499633789062,1895556,0.0,0.0
2024-11-04 09:50:00-05:00,242.22000122070312,243.47999572753906,242.0500946044922,243.43429565429688,1502271,0.0,0.0
2024-11-04 09:55:00-05:00,243.44000244140625,243.75999450683594,242.6999969482422,243.66000366210938,1117790,0.0,0.0
2024-11-04 10:00:00-05:00,243.6300048828125,244.47999572753906,243.13999938964844,243.30999755859375,1363473,0.0,0.0
2024-11-04 10:05:00-05:00,243.22999572753906,244.24000549316406,242.36399841308594,243.9499969482422,1249536,0.0,0.0
2024-11-04 10:10:00-05:00,243.96499633789062,244.2899932861328,243.2104949951172,243.6938934326172,829855,0.0,0.0
2024-11-04 10:15:00-05:00,243.68499755859375,245.64999389648438,243.610107421875,245.1428985595703,1672657,0.0,0.0
2024-11-04 10:20:00-05:00,245.17990112304688,246.5,245.0399932861328,246.35000610351562,1474198,0.0,0.0
2024-11-04 10:25:00-05:00,246.41000366210938,246.9199981689453,245.85000610351562,246.27000427246094,1253590,0.0,0.0
2024-11-04 10:30:00-05:00,246.27000427246094,246.3300018310547,245.64010620117188,246.17999267578125,853955,0.0,0.0
2024-11-04 10:35:00-05:00,246.11830139160156,247.1999969482422,246.11830139160156,246.18499755859375,1043156,0.0,0.0
2024-11-04 10:40:00-05:00,246.16229248046875,247.07989501953125,246.02000427246094,246.74310302734375,810254,0.0,0.0
2024-11-04 10:45:00-05:00,246.8300018310547,247.97000122070312,246.30999755859375,247.9499969482422,1043183,0.0,0.0
2024-11-04 10:50:00-05:00,247.91009521484375,248.47000122070312,247.74000549316406,248.3800048828125,1042019,0.0,0.0
2024-11-04 10:55:00-05:00,248.3800048828125,248.7198944091797,247.92010498046875,248.0998992919922,867167,0.0,0.0
2024-11-04 11:00:00-05:00,248.0800018310547,248.58839416503906,247.60000610351562,247.69760131835938,844799,0.0,0.0
2024-11-04 11:05:00-05:00,247.64999389648438,248.31430053710938,247.39999389648438,248.11880493164062,687146,0.0,0.0
2024-11-04 11:10:00-05:00,248.10279846191406,248.89999389648438,248.10009765625,248.23500061035156,907026,0.0,0.0
2024-11-04 11:15:00-05:00,248.2373046875,248.44000244140625,247.53990173339844,247.6927947998047,560980,0.0,0.0
2024-11-04 11:20:00-05:00,247.69549560546875,247.6999053955078,246.20889282226562,246.24020385742188,965188,0.0,0.0
2024-11-04 11:25:00-05:00,246.2115020751953,246.37890625,245.77000427246094,246.02000427246094,1188851,0.0,0.0
2024-11-04 11:30:00-05:00,246.00689697265625,246.25999450683594,245.42999267578125,245.86399841308594,1148760,0.0,0.0
2024-11-04 11:35:00-05:00,245.88499450683594,246.1199951171875,244.85000610351562,244.9510955810547,1070082,0.0,0.0
2024-11-04 11:40:00-05:00,244.9199981689453,245.38999938964844,244.3699951171875,244.67010498046875,945984,0.0,0.0
2024-11-04 11:45:00-05:00,244.72000122070312,244.89999389648438,244.17999267578125,244.6300048828125,818439,0.0,0.0
2024-11-04 11:50:00-05:00,244.7288055419922,244.9600067138672,244.22000122070312,244.74440002441406,757795,0.0,0.0
2024-11-04 11:55:00-05:00,244.7397003173828,245.1199951171875,243.92999267578125,245.11000061035156,1070006,0.0,0.0
2024-11-04 12:00:00-05:00,245.08999633789062,245.41000366210938,244.6999969482422,244.77999877929688,756967,0.0,0.0
2024-11-04 12:05:00-05:00,244.70489501953125,244.89999389648438,243.64999389648438,243.75509643554688,814496,0.0,0.0
2024-11-04 12:10:00-05:00,243.7100067138672,244.29989624023438,243.6999969482422,244.13999938964844,513737,0.0,0.0
2024-11-04 12:15:00-05:00,244.17739868164062,244.32000732421875,243.41000366210938,243.42999267578125,661497,0.0,0.0
2024-11-04 12:20:00-05:00,243.45989990234375,244.74000549316406,243.41000366210938,244.6988983154297,924139,0.0,0.0
2024-11-04 12:25:00-05:00,244.69000244140625,244.77999877929688,244.5,244.58799743652344,387986,0.0,0.0
2024-11-04 12:30:00-05:00,244.67999267578125,244.8800048828125,244.25,244.68499755859375,424675,0.0,0.0
2024-11-04 12:35:00-05:00,244.69949340820312,245.17999267578125,244.6501007080078,244.889892578125,568190,0.0,0.0
2024-11-04 12:40:00-05:00,244.88999938964844,245.0800018310547,244.7100067138672,245.0135040283203,283969,0.0,0.0
2024-11-04 12:45:00-05:00,245.02169799804688,245.60000610351562,244.9700927734375,245.15750122070312,575284,0.0,0.0
2024-11-04 12:50:00-05:00,245.22999572753906,245.4398956298828,244.89059448242188,245.37010192871094,342954,0.0,0.0
2024-11-04 12:55:00-05:00,245.44000244140625,245.5500030517578,245.00999450683594,245.06500244140625,263959,0.0,0.0
2024-11-04 13:00:00-05:00,245.0399932861328,245.556396484375,244.85000610351562,244.8800048828125,517358,0.0,0.0
2024-11-04 13:05:00-05:00,244.9176025390625,244.97000122070312,244.1999969482422,244.3699951171875,499774,0.0,0.0
2024-11-04 13:10:00-05:00,244.41000366210938,245.23989868164062,244.35009765625,244.92990112304688,466943,0.0,0.0
2024-11-04 13:15:00-05:00,244.9149932861328,245.19000244140625,244.38009643554688,244.60629272460938,352892,0.0,0.0
2024-11-04 13:20:00-05:00,244.60000610351562,245.1699981689453,244.4600067138672,245.07000732421875,422316,0.0,0.0
2024-11-04 13:25:00-05:00,245.10000610351562,245.30499267578125,244.7100067138672,244.80990600585938,345837,0.0,0.0
2024-11-04 13:30:00-05:00,244.80059814453125,244.80990600585938,244.25010681152344,244.52000427246094,408447,0.0,0.0
2024-11-04 13:35:00-05:00,244.531005859375,245.1999969482422,244.4958953857422,245.00999450683594,349019,0.0,0.0
2024-11-04 13:40:00-05:00,245.0399932861328,245.2899932861328,244.89999389648438,245.0644073486328,272716,0.0,0.0
2024-11-04 13:45:00-05:00,245.02999877929688,245.19020080566406,244.5399932861328,244.8300018310547,754407,0.0,0.0
2024-11-04 13:50:00-05:00,244.80999755859375,245.08700561523438,244.44000244140625,244.53819274902344,239256,0.0,0.0
2024-11-04 13:55:00-05:00,244.52999877929688,244.64990234375,244.05999755859375,244.13999938964844,439796,0.0,0.0
2024-11-04 14:00:00-05:00,244.17990112304688,244.41000366210938,243.89999389648438,244.0601043701172,505197,0.0,0.0
2024-11-04 14:05:00-05:00,244.12579345703125,244.66000366210938,244.05999755859375,244.33279418945312,416781,0.0,0.0
2024-11-04 14:10:00-05:00,244.3000030517578,244.5500030517578,244.0,244.36639404296875,292963,0.0,0.0
2024-11-04 14:15:00-05:00,244.38999938964844,244.49989318847656,244.085693359375,244.43499755859375,213066,0.0,0.0
2024-11-04 14:20:00-05:00,244.41619873046875,244.6367950439453,244.07009887695312,244.20989990234375,332923,0.0,0.0
2024-11-04 14:25:00-05:00,244.20640563964844,244.54429626464844,243.5435028076172,243.72500610351562,462196,0.0,0.0
2024-11-04 14:30:00-05:00,243.67999267578125,244.5,243.52999877929688,244.3800048828125,508990,0.0,0.0
2024-11-04 14:35:00-05:00,244.42990112304688,244.6699981689453,244.25999450683594,244.63999938964844,340915,0.0,0.0
2024-11-04 14:40:00-05:00,244.61000061035156,244.8300018310547,244.4001007080078,244.5050048828125,293361,0.0,0.0
2024-11-04 14:45:00-05:00,244.47999572753906,244.65989685058594,244.24009704589844,244.49639892578125,211379,0.0,0.0
2024-11-04 14:50:00-05:00,244.47999572753906,244.75,244.30999755859375,244.46499633789062,147857,0.0,0.0
2024-11-04 14:55:00-05:00,244.47520446777344,244.55499267578125,244.27999877929688,244.2899932861328,196930,0.0,0.0
2024-11-04 15:00:00-05:00,244.2845001220703,244.639892578125,244.05999755859375,244.1199951171875,405077,0.0,0.0
2024-11-04 15:05:00-05:00,244.148193359375,244.1696014404297,243.72999572753906,243.7801055908203,384347,0.0,0.0
2024-11-04 15:10:00-05:00,243.74000549316406,243.77999877929688,242.9001007080078,243.08990478515625,825365,0.0,0.0
2024-11-04 15:15:00-05:00,243.02000427246094,243.2899932861328,242.77000427246094,243.2100067138672,534193,0.0,0.0
2024-11-04 15:20:00-05:00,243.22999572753906,243.39999389648438,243.0399932861328,243.38999938964844,370646,0.0,0.0
2024-11-04 15:25:00-05:00,243.3800048828125,243.74000549316406,243.32000732421875,243.38999938964844,450731,0.0,0.0
2024-11-04 15:30:00-05:00,243.35000610351562,243.39340209960938,242.4499969482422,242.48129272460938,769417,0.0,0.0
2024-11-04 15:35:00-05:00,242.53399658203125,242.53399658203125,241.89999389648438,242.08140563964844,917743,0.0,0.0
2024-11-04 15:40:00-05:00,242.08990478515625,242.79989624023438,242.0511016845703,242.6824951171875,576658,0.0,0.0
2024-11-04 15:45:00-05:00,242.70460510253906,242.95620727539062,242.5500030517578,242.66990661621094,500794,0.0,0.0
2024-11-04 15:50:00-05:00,242.6999969482422,243.33990478515625,242.50999450683594,242.9600067138672,699301,0.0,0.0
2024-11-04 15:55:00-05:00,242.97999572753906,243.02999877929688,242.66000366210938,242.83009338378906,1069862,0.0,0.0
2024-11-05 09:30:00-05:00,247.39999389648438,249.41000366210938,246.36000061035156,249.22259521484375,4946437,0.0,0.0
2024-11-05 09:35:00-05:00,249.18020629882812,252.79989624023438,248.9499969482422,252.3800048828125,3399518,0.0,0.0
2024-11-05 09:40:00-05:00,252.39999389648438,253.14990234375,251.11000061035156,252.57400512695312,2836311,0.0,0.0
2024-11-05 09:45:00-05:00,252.58999633789062,252.89999389648438,251.55999755859375,252.13999938964844,1485754,0.0,0.0
2024-11-05 09:50:00-05:00,252.14999389648438,253.22000122070312,251.32000732421875,251.71200561523438,1818333,0.0,0.0
2024-11-05 09:55:00-05:00,251.75,252.47999572753906,250.60000610351562,251.28990173339844,1575446,0.0,0.0
2024-11-05 10:00:00-05:00,251.2899932861328,252.1999969482422,250.9001007080078,251.91990661621094,1237763,0.0,0.0
2024-11-05 10:05:00-05:00,251.8800048828125,253.3699951171875,251.8300018310547,253.2960968017578,1515924,0.0,0.0
2024-11-05 10:10:00-05:00,253.3000030517578,253.49989318847656,251.5500030517578,252.1699981689453,1315585,0.0,0.0
2024-11-05 10:15:00-05:00,252.16000366210938,252.4398956298828,251.61000061035156,252.1699981689453,858466,0.0,0.0
2024-11-05 10:20:00-05:00,252.1999969482422,252.3446044921875,250.80999755859375,250.9600067138672,1448694,0.0,0.0
2024-11-05 10:25:00-05:00,250.99000549316406,251.1999053955078,250.27000427246094,251.1230010986328,1291625,0.0,0.0
2024-11-05 10:30:00-05:00,251.1793975830078,251.25999450683594,250.36000061035156,251.10000610351562,917474,0.0,0.0
2024-11-05 10:35:00-05:00,251.04820251464844,251.22999572753906,250.38009643554688,250.94000244140625,742155,0.0,0.0
2024-11-05 10:40:00-05:00,250.9364013671875,252.10000610351562,250.6501007080078,252.0854034423828,919249,0.0,0.0
2024-11-05 10:45:00-05:00,252.10000610351562,252.27740478515625,251.6199951171875,251.98089599609375,624327,0.0,0.0
2024-11-05 10:50:00-05:00,251.97999572753906,252.04750061035156,251.0301055908203,251.28750610351562,561540,0.0,0.0
2024-11-05 10:55:00-05:00,251.2550048828125,251.2572021484375,250.5749969482422,251.07000732421875,568852,0.0,0.0
2024-11-05 11:00:00-05:00,251.0500030517578,251.0948028564453,250.4499969482422,250.95379638671875,492568,0.0,0.0
2024-11-05 11:05:00-05:00,250.94000244140625,251.32000732421875,250.64100646972656,250.77999877929688,473504,0.0,0.0
2024-11-05 11:10:00-05:00,250.82479858398438,251.6999969482422,250.75,251.5800018310547,534675,0.0,0.0
2024-11-05 11:15:00-05:00,251.60910034179688,251.66000366210938,251.3000030517578,251.4600067138672,408839,0.0,0.0
2024-11-05 11:20:00-05:00,251.5,252.13999938964844,251.1199951171875,252.02000427246094,1436689,0.0,0.0
2024-11-05 11:25:00-05:00,252.0399932861328,252.17999267578125,251.80029296875,251.9499969482422,356397,0.0,0.0
2024-11-05 11:30:00-05:00,251.9499969482422,252.79269409179688,251.85000610351562,252.74000549316406,659842,0.0,0.0
2024-11-05 11:35:00-05:00,252.69000244140625,253.37399291992188,252.62010192871094,253.16000366210938,751493,0.0,0.0
2024-11-05 11:40:00-05:00,253.14010620117188,253.47500610351562,252.6199951171875,253.4698944091797,716607,0.0,0.0
2024-11-05 11:45:00-05:00,253.4799041748047,253.69000244140625,253.02999877929688,253.0399932861328,759165,0.0,0.0
2024-11-05 11:50:00-05:00,253.0500030517578,253.10989379882812,252.60000610351562,252.7803955078125,560621,0.0,0.0
2024-11-05 11:55:00-05:00,252.77999877929688,253.10000610351562,252.47000122070312,253.0590057373047,534763,0.0,0.0
2024-11-05 12:00:00-05:00,253.02999877929688,253.19000244140625,252.63999938964844,253.0854949951172,416818,0.0,0.0
2024-11-05 12:05:00-05:00,253.0800018310547,253.3699951171875,252.42999267578125,252.52000427246094,520631,0.0,0.0
2024-11-05 12:10:00-05:00,252.5399932861328,253.61000061035156,252.5399932861328,253.55799865722656,499916,0.0,0.0
2024-11-05 12:15:00-05:00,253.57339477539062,253.97999572753906,253.14999389648438,253.66000366210938,1270110,0.0,0.0
2024-11-05 12:20:00-05:00,253.7198944091797,254.6999969482422,253.58099365234375,254.43699645996094,932552,0.0,0.0
2024-11-05 12:25:00-05:00,254.41000366210938,254.7100067138672,254.13999938964844,254.5240020751953,518163,0.0,0.0
2024-11-05 12:30:00-05:00,254.50999450683594,254.5946044921875,254.1999969482422,254.3520050048828,376018,0.0,0.0
2024-11-05 12:35:00-05:00,254.36000061035156,254.6300048828125,253.92010498046875,254.0449981689453,457567,0.0,0.0
2024-11-05 12:40:00-05:00,254.06959533691406,254.41990661621094,253.86000061035156,254.38009643554688,355743,0.0,0.0
2024-11-05 12:45:00-05:00,254.42999267578125,254.92999267578125,254.35000610351562,254.91000366210938,581559,0.0,0.0
2024-11-05 12:50:00-05:00,254.88499450683594,254.92999267578125,254.5301055908203,254.67999267578125,363076,0.0,0.0
2024-11-05 12:55:00-05:00,254.6699981689453,254.70770263671875,254.2100067138672,254.47999572753906,359883,0.0,0.0
2024-11-05 13:00:00-05:00,254.47320556640625,254.60000610351562,254.13999938964844,254.5,333730,0.0,0.0
2024-11-05 13:05:00-05:00,254.5467987060547,254.89999389648438,254.360107421875,254.7100067138672,369923,0.0,0.0
2024-11-05 13:10:00-05:00,254.74000549316406,254.74000549316406,253.92999267578125,254.11000061035156,448653,0.0,0.0
2024-11-05 13:15:00-05:00,254.12440490722656,254.63999938964844,254.06500244140625,254.47999572753906,312123,0.0,0.0
2024-11-05 13:20:00-05:00,254.5,254.6999969482422,254.293701171875,254.52000427246094,290013,0.0,0.0
2024-11-05 13:25:00-05:00,254.51060485839844,254.51060485839844,254.09190368652344,254.14999389648438,244382,0.0,0.0
2024-11-05 13:30:00-05:00,254.19000244140625,254.4199981689453,253.9600067138672,254.0399932861328,390565,0.0,0.0
2024-11-05 13:35:00-05:00,254.076904296875,254.08309936523438,253.64999389648438,253.8000030517578,525293,0.0,0.0
2024-11-05 13:40:00-05:00,253.81500244140625,254.50999450683594,253.44009399414062,254.47999572753906,634036,0.0,0.0
2024-11-05 13:45:00-05:00,254.49530029296875,254.8800048828125,254.4499969482422,254.57000732421875,533366,0.0,0.0
2024-11-05 13:50:00-05:00,254.55999755859375,254.82989501953125,254.4001007080078,254.8000030517578,358150,0.0,0.0
2024-11-05 13:55:00-05:00,254.8000030517578,255.19000244140625,254.60009765625,254.908203125,641399,0.0,0.0
2024-11-05 14:00:00-05:00,254.92340087890625,255.2799072265625,254.77000427246094,254.95010375976562,625757,0.0,0.0
2024-11-05 14:05:00-05:00,254.97500610351562,255.0,254.44000244140625,254.61990356445312,520037,0.0,0.0
2024-11-05 14:10:00-05:00,254.61000061035156,254.67999267578125,254.27259826660156,254.47000122070312,407471,0.0,0.0
2024-11-05 14:15:00-05:00,254.44000244140625,254.4499969482422,254.21009826660156,254.2899932861328,107720,0.0,0.0
2024-11-05 14:20:00-05:00,254.3000030517578,254.4499969482422,254.17999267578125,254.3249969482422,274946,0.0,0.0
2024-11-05 14:25:00-05:00,254.35000610351562,254.86570739746094,254.3437957763672,254.39999389648438,435506,0.0,0.0
2024-11-05 14:30:00-05:00,254.39999389648438,254.4346923828125,253.92999267578125,254.03500366210938,415036,0.0,0.0
2024-11-05 14:35:00-05:00,254.01930236816406,254.3800048828125,253.83030700683594,254.21499633789062,428032,0.0,0.0
2024-11-05 14:40:00-05:00,254.26690673828125,254.57960510253906,254.2100067138672,254.4199981689453,317124,0.0,0.0
2024-11-05 14:45:00-05:00,254.44940185546875,254.47999572753906,254.00999450683594,254.02999877929688,286108,0.0,0.0
2024-11-05 14:50:00-05:00,254.043701171875,254.043701171875,252.72999572753906,252.75050354003906,828219,0.0,0.0
2024-11-05 14:55:00-05:00,252.75,252.8498992919922,251.61000061035156,251.85000610351562,1211179,0.0,0.0
2024-11-05 15:00:00-05:00,251.8000030517578,252.47999572753906,251.3699951171875,251.92550659179688,1016094,0.0,0.0
2024-11-05 15:05:00-05:00,251.99000549316406,252.7100067138672,251.9499969482422,252.67010498046875,625045,0.0,0.0
2024-11-05 15:10:00-05:00,252.6750030517578,253.0800018310547,252.60000610351562,252.7834014892578,564810,0.0,0.0
2024-11-05 15:15:00-05:00,252.7100067138672,252.75990295410156,252.3800048828125,252.5399932861328,363208,0.0,0.0
2024-11-05 15:20:00-05:00,252.5500030517578,252.5998992919922,251.67999267578125,251.83900451660156,522828,0.0,0.0
2024-11-05 15:25:00-05:00,251.8300018310547,252.2899932861328,251.5800018310547,252.1999969482422,546537,0.0,0.0
2024-11-05 15:30:00-05:00,252.17999267578125,253.11990356445312,252.0301055908203,253.02090454101562,747130,0.0,0.0
2024-11-05 15:35:00-05:00,253.03500366210938,253.17999267578125,252.70559692382812,252.85000610351562,472132,0.0,0.0
2024-11-05 15:40:00-05:00,252.85000610351562,252.8800048828125,252.16009521484375,252.28990173339844,523755,0.0,0.0
2024-11-05 15:45:00-05:00,252.22999572753906,252.29989624023438,251.55999755859375,251.84469604492188,728170,0.0,0.0
2024-11-05 15:50:00-05:00,251.8000030517578,251.89999389648438,251.42010498046875,251.5832977294922,661545,0.0,0.0
2024-11-05 15:55:00-05:00,251.60000610351562,251.67999267578125,250.8300018310547,251.5,1754339,0.0,0.0
2024-11-06 09:30:00-05:00,283.06500244140625,289.30999755859375,282.20001220703125,287.90960693359375,33733448,0.0,0.0
2024-11-06 09:35:00-05:00,287.92999267578125,289.5899963378906,285.60321044921875,287.8599853515625,7289193,0.0,0.0
2024-11-06 09:40:00-05:00,287.8999938964844,289.0199890136719,286.3700866699219,286.86749267578125,4333303,0.0,0.0
2024-11-06 09:45:00-05:00,286.8599853515625,287.1299133300781,282.1199951171875,283.194091796875,5676534,0.0,0.0
2024-11-06 09:50:00-05:00,283.2255859375,284.7499084472656,278.9700012207031,279.25,5558101,0.0,0.0
2024-11-06 09:55:00-05:00,279.3800048828125,280.67999267578125,275.6199951171875,278.92999267578125,5522194,0.0,0.0
2024-11-06 10:00:00-05:00,278.9599914550781,279.79998779296875,276.40008544921875,278.0199890136719,3615557,0.0,0.0
2024-11-06 10:05:00-05:00,278.0823059082031,279.6499938964844,276.66009521484375,279.2499084472656,2773065,0.0,0.0
2024-11-06 10:10:00-05:00,279.1400146484375,282.70001220703125,278.80010986328125,281.94989013671875,3894133,0.0,0.0
2024-11-06 10:15:00-05:00,281.84600830078125,282.2200012207031,280.1099853515625,281.65008544921875,1880816,0.0,0.0
2024-11-06 10:20:00-05:00,281.6199951171875,281.95001220703125,279.54010009765625,280.37469482421875,1858868,0.0,0.0
2024-11-06 10:25:00-05:00,280.3399963378906,281.5,280.05999755859375,281.2179870605469,1537316,0.0,0.0
2024-11-06 10:30:00-05:00,281.32501220703125,282.3699951171875,280.1700134277344,280.8500061035156,2138502,0.0,0.0
2024-11-06 10:35:00-05:00,280.8299865722656,281.3999938964844,279.8399963378906,280.3280029296875,1459913,0.0,0.0
2024-11-06 10:40:00-05:00,280.375,281.5,280.1000061035156,281.25,1275558,0.0,0.0
2024-11-06 10:45:00-05:00,281.2025146484375,282.79998779296875,280.7300109863281,282.7196044921875,1590450,0.0,0.0
2024-11-06 10:50:00-05:00,282.7898864746094,283.70001220703125,282.0400085449219,283.67498779296875,1938347,0.0,0.0
2024-11-06 10:55:00-05:00,283.67498779296875,284.6698913574219,283.239990234375,283.7650146484375,2141621,0.0,0.0
2024-11-06 11:00:00-05:00,283.6400146484375,283.70001220703125,282.6600036621094,283.56781005859375,1159361,0.0,0.0
2024-11-06 11:05:00-05:00,283.5899963378906,284.6000061035156,283.3900146484375,284.32989501953125,1460726,0.0,0.0
2024-11-06 11:10:00-05:00,284.31500244140625,285.3800048828125,284.25,285.3599853515625,2233766,0.0,0.0
2024-11-06 11:15:00-05:00,285.3599853515625,285.44000244140625,284.2900085449219,284.54998779296875,1183445,0.0,0.0
2024-11-06 11:20:00-05:00,284.55499267578125,284.6698913574219,282.9100036621094,284.3418884277344,1566052,0.0,0.0
2024-11-06 11:25:00-05:00,284.32000732421875,284.7799987792969,284.0299987792969,284.5768127441406,961143,0.0,0.0
2024-11-06 11:30:00-05:00,284.54998779296875,285.29998779296875,284.04998779296875,284.09649658203125,1386112,0.0,0.0
2024-11-06 11:35:00-05:00,284.114990234375,284.45989990234375,283.239990234375,284.40240478515625,1005569,0.0,0.0
2024-11-06 11:40:00-05:00,284.3800048828125,285.20001220703125,284.0201110839844,285.010009765625,1052250,0.0,0.0
2024-11-06 11:45:00-05:00,285.010009765625,285.2300109863281,284.6099853515625,284.8900146484375,955395,0.0,0.0
2024-11-06 11:50:00-05:00,284.9049987792969,285.739990234375,284.3900146484375,285.67010498046875,1255452,0.0,0.0
2024-11-06 11:55:00-05:00,285.6973876953125,286.3500061035156,285.4101867675781,286.1199951171875,1682461,0.0,0.0
2024-11-06 12:00:00-05:00,286.04998779296875,286.54998779296875,285.8299865722656,286.3752136230469,1112018,0.0,0.0
2024-11-06 12:05:00-05:00,286.3999938964844,286.70001220703125,285.94329833984375,286.6199951171875,958835,0.0,0.0
2024-11-06 12:10:00-05:00,286.6195068359375,287.3599853515625,286.5299987792969,287.29998779296875,1481626,0.0,0.0
2024-11-06 12:15:00-05:00,287.2799987792969,287.3500061035156,285.9599914550781,286.139892578125,1264235,0.0,0.0
2024-11-06 12:20:00-05:00,286.139892578125,287.0,285.9200134277344,286.93499755859375,1084231,0.0,0.0
2024-11-06 12:25:00-05:00,286.8999938964844,287.5,286.7101135253906,287.4049987792969,935337,0.0,0.0
2024-11-06 12:30:00-05:00,287.4100036621094,287.4798889160156,286.54840087890625,286.78009033203125,898192,0.0,0.0
2024-11-06 12:35:00-05:00,286.7799987792969,287.072509765625,286.3299865722656,286.7699890136719,744056,0.0,0.0
2024-11-06 12:40:00-05:00,286.7650146484375,287.1195983886719,286.7200927734375,286.94830322265625,613035,0.0,0.0
2024-11-06 12:45:00-05:00,286.9276123046875,287.3699951171875,286.6600036621094,287.3349914550781,785561,0.0,0.0
2024-11-06 12:50:00-05:00,287.29998779296875,287.46990966796875,286.7699890136719,287.0400085449219,734699,0.0,0.0
2024-11-06 12:55:00-05:00,287.0306091308594,287.2699890136719,286.7200012207031,287.19500732421875,625981,0.0,0.0
2024-11-06 13:00:00-05:00,287.2200012207031,287.9299011230469,287.010009765625,287.7403869628906,1056741,0.0,0.0
2024-11-06 13:05:00-05:00,287.7049865722656,288.5,287.7049865722656,288.3999938964844,1308168,0.0,0.0
2024-11-06 13:10:00-05:00,288.45989990234375,288.8599853515625,288.29998779296875,288.6195983886719,1023938,0.0,0.0
2024-11-06 13:15:00-05:00,288.6409912109375,289.07000732421875,288.42999267578125,289.0087890625,1742974,0.0,0.0
2024-11-06 13:20:00-05:00,289.0097961425781,289.1199951171875,288.2200927734375,288.77020263671875,1058492,0.0,0.0
2024-11-06 13:25:00-05:00,288.79998779296875,289.25,288.760009765625,289.2300109863281,1130480,0.0,0.0
2024-11-06 13:30:00-05:00,289.2099914550781,289.3299865722656,288.1099853515625,288.59368896484375,1106886,0.0,0.0
2024-11-06 13:35:00-05:00,288.54638671875,288.8399963378906,287.79998779296875,287.802001953125,992015,0.0,0.0
2024-11-06 13:40:00-05:00,287.80029296875,288.6400146484375,287.79998779296875,288.5,768057,0.0,0.0
2024-11-06 13:45:00-05:00,288.5198974609375,288.5899963378906,287.9601135253906,288.5,627014,0.0,0.0
2024-11-06 13:50:00-05:00,288.510009765625,288.510009765625,287.3999938964844,287.67498779296875,1063810,0.0,0.0
2024-11-06 13:55:00-05:00,287.65008544921875,287.989990234375,287.2200012207031,287.4100036621094,672822,0.0,0.0
2024-11-06 14:00:00-05:00,287.42999267578125,287.6400146484375,286.2799987792969,286.7250061035156,1073073,0.0,0.0
2024-11-06 14:05:00-05:00,286.7250061035156,286.7698974609375,285.3399963378906,285.5548095703125,1468183,0.0,0.0
2024-11-06 14:10:00-05:00,285.55999755859375,286.3699951171875,284.7572021484375,286.3500061035156,1516295,0.0,0.0
2024-11-06 14:15:00-05:00,286.3999938964844,287.510009765625,286.3599853515625,287.4599914550781,1310687,0.0,0.0
2024-11-06 14:20:00-05:00,287.4800109863281,288.19000244140625,287.4549865722656,288.1405944824219,1315820,0.0,0.0
2024-11-06 14:25:00-05:00,288.1499938964844,288.19000244140625,287.6505126953125,287.83551025390625,782587,0.0,0.0
2024-11-06 14:30:00-05:00,287.8299865722656,288.1000061035156,287.3299865722656,287.42999267578125,852575,0.0,0.0
2024-11-06 14:35:00-05:00,287.45989990234375,288.1499938964844,286.8699951171875,287.87091064453125,953187,0.0,0.0
2024-11-06 14:40:00-05:00,287.8599853515625,288.0199890136719,287.4169921875,287.8299865722656,696406,0.0,0.0
2024-11-06 14:45:00-05:00,287.8442077636719,288.035400390625,287.7401123046875,287.9516906738281,409949,0.0,0.0
2024-11-06 14:50:00-05:00,287.9649963378906,288.6499938964844,287.8399963378906,288.6499938964844,1503777,0.0,0.0
2024-11-06 14:55:00-05:00,288.6200866699219,288.989990234375,288.42010498046875,288.8900146484375,779209,0.0,0.0
2024-11-06 15:00:00-05:00,288.8399963378906,289.05999755859375,288.3399963378906,288.5851135253906,1103441,0.0,0.0
2024-11-06 15:05:00-05:00,288.6299133300781,288.95001220703125,288.57000732421875,288.7550048828125,635747,0.0,0.0
2024-11-06 15:10:00-05:00,288.7650146484375,289.0,288.6099853515625,288.9100036621094,837992,0.0,0.0
2024-11-06 15:15:00-05:00,288.92498779296875,289.3999938964844,288.9100036621094,289.3587951660156,992668,0.0,0.0
2024-11-06 15:20:00-05:00,289.3500061035156,289.4200134277344,288.1000061035156,288.2699890136719,1053458,0.0,0.0
2024-11-06 15:25:00-05:00,288.260009765625,288.777587890625,288.239990234375,288.6549987792969,888819,0.0,0.0
2024-11-06 15:30:00-05:00,288.65130615234375,288.82000732421875,287.7200012207031,288.20819091796875,808984,0.0,0.0
2024-11-06 15:35:00-05:00,288.2099914550781,288.9200134277344,288.17999267578125,288.8399963378906,1021943,0.0,0.0
2024-11-06 15:40:00-05:00,288.82281494140625,288.8999938964844,288.5150146484375,288.80999755859375,753080,0.0,0.0
2024-11-06 15:45:00-05:00,288.7900085449219,289.3500061035156,288.739990234375,289.32000732421875,1206758,0.0,0.0
2024-11-06 15:50:00-05:00,289.3399963378906,289.418701171875,288.6400146484375,288.95001220703125,1528504,0.0,0.0
2024-11-06 15:55:00-05:00,288.95001220703125,289.2699890136719,287.8299865722656,288.4700012207031,3065995,0.0,0.0
2024-11-07 09:30:00-05:00,288.5799865722656,289.95001220703125,286.1400146484375,288.2300109863281,8228875,0.0,0.0
2024-11-07 09:35:00-05:00,288.2143859863281,288.6300048828125,285.5199890136719,288.42999267578125,2954163,0.0,0.0
2024-11-07 09:40:00-05:00,288.4410095214844,289.989990234375,287.3599853515625,288.0299987792969,3541029,0.0,0.0
2024-11-07 09:45:00-05:00,288.0799865722656,289.0,287.5600891113281,288.2650146484375,1714465,0.0,0.0
2024-11-07 09:50:00-05:00,288.20941162109375,289.2799987792969,287.6499938964844,288.1000061035156,1482660,0.0,0.0
2024-11-07 09:55:00-05:00,288.1099853515625,291.4100036621094,287.93798828125,291.345703125,3577898,0.0,0.0
2024-11-07 10:00:00-05:00,291.3500061035156,293.3399963378906,290.6600036621094,293.17138671875,3935689,0.0,0.0
2024-11-07 10:05:00-05:00,293.1700134277344,293.6099853515625,292.2699890136719,293.2900085449219,2205607,0.0,0.0
2024-11-07 10:10:00-05:00,293.2898864746094,293.42999267578125,291.79998779296875,292.7900085449219,1908808,0.0,0.0
2024-11-07 10:15:00-05:00,292.7616882324219,294.95001220703125,292.6700134277344,294.95001220703125,2662016,0.0,0.0
2024-11-07 10:20:00-05:00,294.8900146484375,294.95001220703125,293.6400146484375,294.67999267578125,1668106,0.0,0.0
2024-11-07 10:25:00-05:00,294.6400146484375,297.0723876953125,294.54998779296875,296.8500061035156,3516351,0.0,0.0
2024-11-07 10:30:00-05:00,296.8258056640625,297.79998779296875,296.010009765625,296.86199951171875,2762306,0.0,0.0
2024-11-07 10:35:00-05:00,296.8599853515625,297.6000061035156,296.2668151855469,296.7699890136719,1719494,0.0,0.0
2024-11-07 10:40:00-05:00,296.77899169921875,297.30999755859375,296.15008544921875,297.05499267578125,1463422,0.0,0.0
2024-11-07 10:45:00-05:00,297.05999755859375,298.0,296.6700134277344,297.493896484375,1590552,0.0,0.0
2024-11-07 10:50:00-05:00,297.4649963378906,297.64990234375,296.3599853515625,297.32000732421875,1372529,0.0,0.0
2024-11-07 10:55:00-05:00,297.3309020996094,298.3500061035156,297.0299987792969,297.69110107421875,1885278,0.0,0.0
2024-11-07 11:00:00-05:00,297.6531982421875,298.0,296.7099914550781,296.96990966796875,1674306,0.0,0.0
2024-11-07 11:05:00-05:00,296.9599914550781,298.1099853515625,296.6000061035156,297.4049987792969,1521831,0.0,0.0
2024-11-07 11:10:00-05:00,297.360107421875,298.1000061035156,297.0199890136719,297.67999267578125,1022131,0.0,0.0
2024-11-07 11:15:00-05:00,297.6700134277344,298.20001220703125,296.9100036621094,297.0299987792969,1050118,0.0,0.0
2024-11-07 11:20:00-05:00,297.1400146484375,297.70001220703125,296.739990234375,296.9700012207031,881157,0.0,0.0
2024-11-07 11:25:00-05:00,296.9798889160156,297.9100036621094,296.9602966308594,297.6449890136719,826333,0.0,0.0
2024-11-07 11:30:00-05:00,297.5400085449219,298.79998779296875,297.2500915527344,298.4208984375,1545570,0.0,0.0
2024-11-07 11:35:00-05:00,298.42730712890625,299.260009765625,298.1400146484375,298.8599853515625,1744887,0.0,0.0
2024-11-07 11:40:00-05:00,298.8564147949219,299.6700134277344,298.71380615234375,299.1199951171875,1521900,0.0,0.0
2024-11-07 11:45:00-05:00,299.08740234375,299.5,298.7099914550781,299.2101135253906,1117620,0.0,0.0
2024-11-07 11:50:00-05:00,299.2101135253906,299.739990234375,298.9800109863281,299.6099853515625,1092721,0.0,0.0
2024-11-07 11:55:00-05:00,299.5899963378906,299.739990234375,298.80999755859375,298.989501953125,1164582,0.0,0.0
2024-11-07 12:00:00-05:00,298.9320068359375,299.1499938964844,297.1499938964844,297.18450927734375,1651684,0.0,0.0
2024-11-07 12:05:00-05:00,297.239990234375,298.1799011230469,297.239990234375,297.9700012207031,989448,0.0,0.0
2024-11-07 12:10:00-05:00,297.92999267578125,298.5299072265625,297.6600036621094,297.88970947265625,1054915,0.0,0.0
2024-11-07 12:15:00-05:00,297.9200134277344,298.5,297.760009765625,298.04998779296875,683545,0.0,0.0
2024-11-07 12:20:00-05:00,298.04998779296875,298.54998779296875,297.8901062011719,298.25,662713,0.0,0.0
2024-11-07 12:25:00-05:00,298.2900085449219,298.739990234375,297.9501037597656,298.5950012207031,747803,0.0,0.0
2024-11-07 12:30:00-05:00,298.57501220703125,298.7799987792969,298.0101013183594,298.20001220703125,737615,0.0,0.0
2024-11-07 12:35:00-05:00,298.20001220703125,298.54998779296875,297.8299865722656,298.0799865722656,717055,0.0,0.0
2024-11-07 12:40:00-05:00,298.0400085449219,298.3399963378906,297.92999267578125,298.0400085449219,364219,0.0,0.0
2024-11-07 12:45:00-05:00,298.05999755859375,298.54998779296875,297.8500061035156,298.4574890136719,620455,0.0,0.0
2024-11-07 12:50:00-05:00,298.3299865722656,298.7799072265625,298.24169921875,298.69000244140625,436104,0.0,0.0
2024-11-07 12:55:00-05:00,298.7200012207031,299.0,298.6099853515625,298.7998962402344,571130,0.0,0.0
2024-11-07 13:00:00-05:00,298.79998779296875,298.80828857421875,297.8500061035156,297.9656066894531,684829,0.0,0.0
2024-11-07 13:05:00-05:00,297.9649963378906,298.20001220703125,296.29998779296875,296.44281005859375,1669097,0.0,0.0
2024-11-07 13:10:00-05:00,296.4364929199219,296.9100036621094,295.29998779296875,296.4200134277344,1760762,0.0,0.0
2024-11-07 13:15:00-05:00,296.3900146484375,296.8299865722656,295.82000732421875,296.24468994140625,1036690,0.0,0.0
2024-11-07 13:20:00-05:00,296.2644958496094,297.3999938964844,296.1000061035156,297.21929931640625,939389,0.0,0.0
2024-11-07 13:25:00-05:00,297.1788024902344,297.45599365234375,296.82000732421875,296.8799133300781,595138,0.0,0.0
2024-11-07 13:30:00-05:00,296.80999755859375,296.8699951171875,295.5400085449219,295.6794128417969,1160297,0.0,0.0
2024-11-07 13:35:00-05:00,295.7099914550781,297.5,295.4700012207031,297.1099853515625,1153817,0.0,0.0
2024-11-07 13:40:00-05:00,297.10009765625,297.29998779296875,296.6499938964844,297.20001220703125,803382,0.0,0.0
2024-11-07 13:45:00-05:00,297.1400146484375,297.2900085449219,296.40069580078125,297.1099853515625,552573,0.0,0.0
2024-11-07 13:50:00-05:00,297.0929870605469,298.1400146484375,296.9700012207031,298.1400146484375,733284,0.0,0.0
2024-11-07 13:55:00-05:00,298.0790100097656,298.2900085449219,297.7101135253906,298.07000732421875,590849,0.0,0.0
2024-11-07 14:00:00-05:00,298.1000061035156,298.54998779296875,297.25,298.0,1157217,0.0,0.0
2024-11-07 14:05:00-05:00,298.0,298.8500061035156,297.8599853515625,298.5350036621094,934378,0.0,0.0
2024-11-07 14:10:00-05:00,298.5,298.989990234375,298.42010498046875,298.5603942871094,771205,0.0,0.0
2024-11-07 14:15:00-05:00,298.6000061035156,298.79998779296875,298.1099853515625,298.15008544921875,574345,0.0,0.0
2024-11-07 14:20:00-05:00,298.2200012207031,298.2900085449219,296.75,297.2950134277344,912115,0.0,0.0
2024-11-07 14:25:00-05:00,297.3057861328125,297.8800048828125,297.2200012207031,297.5971984863281,559858,0.0,0.0
2024-11-07 14:30:00-05:00,297.6131896972656,298.3699951171875,297.54998779296875,298.1199951171875,689725,0.0,0.0
2024-11-07 14:35:00-05:00,298.0600891113281,298.3500061035156,297.2900085449219,297.3800048828125,684860,0.0,0.0
2024-11-07 14:40:00-05:00,297.3500061035156,297.6899108886719,296.2799987792969,297.4200134277344,1364166,0.0,0.0
2024-11-07 14:45:00-05:00,297.3800048828125,298.14990234375,297.20001220703125,297.989990234375,838554,0.0,0.0
2024-11-07 14:50:00-05:00,298.0299987792969,298.20001220703125,296.6000061035156,297.093994140625,1035225,0.0,0.0
2024-11-07 14:55:00-05:00,297.1000061035156,298.139892578125,297.0700988769531,297.95989990234375,1787875,0.0,0.0
2024-11-07 15:00:00-05:00,297.9599914550781,298.3500061035156,297.5000915527344,297.989990234375,875488,0.0,0.0
2024-11-07 15:05:00-05:00,298.06988525390625,298.5,297.5801086425781,298.3299865722656,779292,0.0,0.0
2024-11-07 15:10:00-05:00,298.2699890136719,298.80999755859375,297.78009033203125,298.7300109863281,983695,0.0,0.0
2024-11-07 15:15:00-05:00,298.7550048828125,299.489990234375,298.4700927734375,299.32269287109375,1376573,0.0,0.0
2024-11-07 15:20:00-05:00,299.30999755859375,299.6600036621094,299.0199890136719,299.2063903808594,1153406,0.0,0.0
2024-11-07 15:25:00-05:00,299.17999267578125,299.3799133300781,297.3599853515625,297.5716857910156,1425954,0.0,0.0
2024-11-07 15:30:00-05:00,297.5899963378906,298.2900085449219,297.4100036621094,298.1409912109375,951453,0.0,0.0
2024-11-07 15:35:00-05:00,298.1099853515625,298.6499938964844,297.9599914550781,298.626708984375,1191600,0.0,0.0
2024-11-07 15:40:00-05:00,298.6123962402344,299.0,297.8900146484375,298.2139892578125,1120108,0.0,0.0
2024-11-07 15:45:00-05:00,298.2200012207031,298.4198913574219,297.6300048828125,297.8900146484375,879615,0.0,0.0
2024-11-07 15:50:00-05:00,297.9100036621094,298.29998779296875,297.1401062011719,297.29998779296875,1430364,0.0,0.0
2024-11-07 15:55:00-05:00,297.3599853515625,297.54998779296875,296.67999267578125,296.75,2089796,0.0,0.0
2024-11-08 09:30:00-05:00,299.1600036621094,302.3699035644531,297.6600036621094,302.10009765625,10664677,0.0,0.0
2024-11-08 09:35:00-05:00,302.1000061035156,304.9700012207031,302.0199890136719,304.8399963378906,5208800,0.0,0.0
2024-11-08 09:40:00-05:00,304.78399658203125,305.5799865722656,303.3599853515625,304.0199890136719,3831461,0.0,0.0
2024-11-08 09:45:00-05:00,304.00689697265625,306.6199951171875,303.1499938964844,306.40008544921875,3812892,0.0,0.0
2024-11-08 09:50:00-05:00,306.4200134277344,306.71990966796875,305.29010009765625,305.4100036621094,2388595,0.0,0.0
2024-11-08 09:55:00-05:00,305.4419860839844,308.5,305.1600036621094,308.489990234375,3362910,0.0,0.0
2024-11-08 10:00:00-05:00,308.4700012207031,310.29998779296875,308.0199890136719,309.2099914550781,4907961,0.0,0.0
2024-11-08 10:05:00-05:00,309.239990234375,309.2734069824219,307.260009765625,308.80999755859375,3163342,0.0,0.0
2024-11-08 10:10:00-05:00,308.75,311.70001220703125,308.29998779296875,311.4100036621094,3275161,0.0,0.0
2024-11-08 10:15:00-05:00,311.41070556640625,313.1000061035156,310.25,312.9200134277344,3686214,0.0,0.0
2024-11-08 10:20:00-05:00,312.95001220703125,314.20001220703125,311.66009521484375,314.0921936035156,3799063,0.0,0.0
2024-11-08 10:25:00-05:00,314.0950012207031,314.9800109863281,313.1499938964844,314.5400085449219,3641839,0.0,0.0
2024-11-08 10:30:00-05:00,314.55999755859375,318.8900146484375,314.260009765625,318.75,5797440,0.0,0.0
2024-11-08 10:35:00-05:00,318.7900085449219,319.44000244140625,315.75,316.63299560546875,5488838,0.0,0.0
2024-11-08 10:40:00-05:00,316.5801086425781,316.739990234375,313.6600036621094,313.8580017089844,4355079,0.0,0.0
2024-11-08 10:45:00-05:00,313.8599853515625,315.20001220703125,312.6300048828125,315.19989013671875,4055730,0.0,0.0
2024-11-08 10:50:00-05:00,315.1401062011719,317.0,314.252197265625,314.40008544921875,3174688,0.0,0.0
2024-11-08 10:55:00-05:00,314.4649963378906,314.8999938964844,311.6000061035156,313.4299011230469,3150986,0.0,0.0
2024-11-08 11:00:00-05:00,313.38751220703125,313.75,312.010009765625,313.67999267578125,2248584,0.0,0.0
2024-11-08 11:05:00-05:00,313.614990234375,314.7300109863281,313.2799987792969,314.5526123046875,2005353,0.0,0.0
2024-11-08 11:10:00-05:00,314.5526123046875,315.5199890136719,313.55999755859375,315.1900939941406,2065564,0.0,0.0
2024-11-08 11:15:00-05:00,315.2250061035156,315.989990234375,314.510009765625,315.8299865722656,1638335,0.0,0.0
2024-11-08 11:20:00-05:00,315.864990234375,316.9800109863281,314.6199951171875,316.7900085449219,3296646,0.0,0.0
2024-11-08 11:25:00-05:00,316.70001220703125,318.489990234375,316.2200012207031,317.7300109863281,2861230,0.0,0.0
2024-11-08 11:30:00-05:00,317.760009765625,318.0,315.80999755859375,316.0398864746094,1807544,0.0,0.0
2024-11-08 11:35:00-05:00,316.010009765625,317.6400146484375,315.9801025390625,317.447509765625,1374313,0.0,0.0
2024-11-08 11:40:00-05:00,317.45989990234375,317.9599914550781,314.92010498046875,315.5093078613281,1645969,0.0,0.0
2024-11-08 11:45:00-05:00,315.57000732421875,316.67999267578125,315.0,315.95001220703125,1618519,0.0,0.0
2024-11-08 11:50:00-05:00,315.9800109863281,317.2900085449219,315.6701965332031,317.2200012207031,1061345,0.0,0.0
2024-11-08 11:55:00-05:00,317.2900085449219,318.739990234375,317.202392578125,317.94000244140625,2245090,0.0,0.0
2024-11-08 12:00:00-05:00,317.9649963378906,318.989990234375,317.7799987792969,317.8699951171875,2117761,0.0,0.0
2024-11-08 12:05:00-05:00,317.8399963378906,318.20001220703125,316.5,317.8299865722656,1409354,0.0,0.0
2024-11-08 12:10:00-05:00,317.82000732421875,317.89990234375,316.1000061035156,316.36871337890625,1243476,0.0,0.0
2024-11-08 12:15:00-05:00,316.3800048828125,317.4700012207031,315.9200134277344,317.0199890136719,1151790,0.0,0.0
2024-11-08 12:20:00-05:00,317.0050048828125,317.1499938964844,316.41009521484375,317.04998779296875,778480,0.0,0.0
2024-11-08 12:25:00-05:00,317.04071044921875,317.5,316.75,317.29998779296875,779137,0.0,0.0
2024-11-08 12:30:00-05:00,317.281005859375,317.96990966796875,316.6199951171875,317.760009765625,1061447,0.0,0.0
2024-11-08 12:35:00-05:00,317.7099914550781,318.5400085449219,317.510009765625,317.6300048828125,1246309,0.0,0.0
2024-11-08 12:40:00-05:00,317.6419982910156,317.8599853515625,316.6300964355469,316.9200134277344,959853,0.0,0.0
2024-11-08 12:45:00-05:00,316.9100036621094,317.9200134277344,316.79998779296875,317.5799865722656,746186,0.0,0.0
2024-11-08 12:50:00-05:00,317.5600891113281,318.25,317.5,318.0199890136719,978033,0.0,0.0
2024-11-08 12:55:00-05:00,318.0,318.0885925292969,317.20001220703125,317.3644104003906,695608,0.0,0.0
2024-11-08 13:00:00-05:00,317.3900146484375,318.0596008300781,317.1600036621094,317.75,819985,0.0,0.0
2024-11-08 13:05:00-05:00,317.7361145019531,320.75,317.2099914550781,320.6300048828125,3282761,0.0,0.0
2024-11-08 13:10:00-05:00,320.6571044921875,321.6300048828125,319.30999755859375,320.0498962402344,3043199,0.0,0.0
2024-11-08 13:15:00-05:00,320.0299987792969,321.348388671875,319.6000061035156,320.9200134277344,1592127,0.0,0.0
2024-11-08 13:20:00-05:00,320.8999938964844,321.3299865722656,320.2099914550781,321.0400085449219,1311465,0.0,0.0
2024-11-08 13:25:00-05:00,320.9800109863281,321.8399963378906,320.6300048828125,321.1000061035156,1639234,0.0,0.0
2024-11-08 13:30:00-05:00,321.0400085449219,322.3599853515625,320.8800048828125,322.239990234375,1929496,0.0,0.0
2024-11-08 13:35:00-05:00,322.19000244140625,324.2200012207031,321.881103515625,324.05999755859375,2683241,0.0,0.0
2024-11-08 13:40:00-05:00,324.0,325.25,323.6099853515625,324.82611083984375,2941899,0.0,0.0
2024-11-08 13:45:00-05:00,324.889892578125,325.75,324.29998779296875,324.8100891113281,2589317,0.0,0.0
2024-11-08 13:50:00-05:00,324.86419677734375,325.0299987792969,323.19000244140625,324.5823974609375,2822257,0.0,0.0
2024-11-08 13:55:00-05:00,324.5899963378906,325.20001220703125,323.82000732421875,324.78009033203125,1684519,0.0,0.0
2024-11-08 14:00:00-05:00,324.8114013671875,325.0899963378906,324.2200012207031,324.3999938964844,1131828,0.0,0.0
2024-11-08 14:05:00-05:00,324.3349914550781,326.79998779296875,324.32000732421875,326.4577941894531,3093379,0.0,0.0
2024-11-08 14:10:00-05:00,326.4649963378906,328.70001220703125,326.43951416015625,328.10528564453125,3375358,0.0,0.0
2024-11-08 14:15:00-05:00,328.1000061035156,328.1600036621094,325.8800048828125,327.2799987792969,2838351,0.0,0.0
2024-11-08 14:20:00-05:00,327.2799987792969,327.6499938964844,325.2200927734375,325.40008544921875,2093589,0.0,0.0
2024-11-08 14:25:00-05:00,325.45989990234375,327.1000061035156,325.1499938964844,326.7099914550781,1741010,0.0,0.0
2024-11-08 14:30:00-05:00,326.65740966796875,326.7204895019531,323.7799987792969,324.3335876464844,2339819,0.0,0.0
2024-11-08 14:35:00-05:00,324.25,325.6770935058594,323.79998779296875,324.125,1930243,0.0,0.0
2024-11-08 14:40:00-05:00,324.1000061035156,324.44000244140625,322.65728759765625,322.885009765625,2053787,0.0,0.0
2024-11-08 14:45:00-05:00,322.92999267578125,323.6000061035156,321.1499938964844,322.5050048828125,2952017,0.0,0.0
2024-11-08 14:50:00-05:00,322.4851989746094,324.0199890136719,322.2699890136719,323.7398986816406,2171387,0.0,0.0
2024-11-08 14:55:00-05:00,323.7221984863281,324.3598937988281,322.70001220703125,322.8900146484375,1487619,0.0,0.0
2024-11-08 15:00:00-05:00,322.98529052734375,323.5599060058594,321.3399963378906,321.7149963378906,1821226,0.0,0.0
2024-11-08 15:05:00-05:00,321.7099914550781,322.3299865722656,319.79998779296875,320.2799987792969,2331508,0.0,0.0
2024-11-08 15:10:00-05:00,320.29998779296875,320.5799865722656,317.4700012207031,319.19000244140625,3552386,0.0,0.0
2024-11-08 15:15:00-05:00,319.21148681640625,319.760009765625,317.4100036621094,319.1499938964844,2351280,0.0,0.0
2024-11-08 15:20:00-05:00,319.1700134277344,319.3699951171875,316.70001220703125,318.76141357421875,2313638,0.0,0.0
2024-11-08 15:25:00-05:00,318.7601013183594,320.29998779296875,318.3500061035156,319.0487060546875,2035928,0.0,0.0
2024-11-08 15:30:00-05:00,319.05999755859375,319.96990966796875,317.79010009765625,319.8817138671875,1754647,0.0,0.0
2024-11-08 15:35:00-05:00,319.8800048828125,322.29998779296875,319.0,321.8931884765625,2323729,0.0,0.0
2024-11-08 15:40:00-05:00,321.97808837890625,322.6499938964844,321.05999755859375,321.4822998046875,1926825,0.0,0.0
2024-11-08 15:45:00-05:00,321.5,322.70001220703125,320.70001220703125,320.7546081542969,1892804,0.0,0.0
2024-11-08 15:50:00-05:00,320.79998779296875,321.70001220703125,319.3900146484375,321.32110595703125,2313021,0.0,0.0
2024-11-08 15:55:00-05:00,321.32000732421875,321.45989990234375,320.5,321.260009765625,2527923,0.0,0.0
2024-11-11 09:30:00-05:00,343.010009765625,349.25,341.5,348.7300109863281,24980675,0.0,0.0
2024-11-11 09:35:00-05:00,348.5989990234375,349.8999938964844,343.79998779296875,346.3349914550781,6458710,0.0,0.0
2024-11-11 09:40:00-05:00,346.2200012207031,350.7099914550781,340.9700012207031,341.6434020996094,7604885,0.0,0.0
2024-11-11 09:45:00-05:00,341.1499938964844,346.29998779296875,340.989990234375,343.343505859375,4893255,0.0,0.0
2024-11-11 09:50:00-05:00,343.5,348.45001220703125,342.8599853515625,347.2950134277344,3797551,0.0,0.0
2024-11-11 09:55:00-05:00,347.2001037597656,347.6400146484375,343.7301025390625,344.8900146484375,2417111,0.0,0.0
2024-11-11 10:00:00-05:00,344.8900146484375,345.1799011230469,339.9901123046875,340.1401062011719,3793916,0.0,0.0
2024-11-11 10:05:00-05:00,340.1400146484375,340.96990966796875,336.510009765625,337.9122009277344,5057549,0.0,0.0
2024-11-11 10:10:00-05:00,337.8468933105469,343.3879089355469,337.80010986328125,343.18499755859375,3253460,0.0,0.0
2024-11-11 10:15:00-05:00,343.2099914550781,343.67999267578125,341.3299865722656,341.98699951171875,2247958,0.0,0.0
2024-11-11 10:20:00-05:00,341.9523010253906,346.659912109375,340.2900085449219,346.3717956542969,3309191,0.0,0.0
2024-11-11 10:25:00-05:00,346.3599853515625,346.9898986816406,344.2716064453125,344.9258117675781,2214481,0.0,0.0
2024-11-11 10:30:00-05:00,344.8299865722656,347.4200134277344,343.28009033203125,347.05999755859375,2154470,0.0,0.0
2024-11-11 10:35:00-05:00,347.07000732421875,348.32000732421875,344.489990234375,346.3900146484375,2385237,0.0,0.0
2024-11-11 10:40:00-05:00,346.3699951171875,346.489990234375,344.1499938964844,346.32000732421875,1519662,0.0,0.0
2024-11-11 10:45:00-05:00,346.3169860839844,347.79998779296875,346.2200012207031,347.49468994140625,1762255,0.0,0.0
2024-11-11 10:50:00-05:00,347.543701171875,349.30999755859375,346.1700134277344,349.2250061035156,2661254,0.0,0.0
2024-11-11 10:55:00-05:00,349.2499084472656,349.42999267578125,348.3800048828125,349.19989013671875,1768315,0.0,0.0
2024-11-11 11:00:00-05:00,349.1449890136719,349.8800048828125,348.1000061035156,349.614990234375,2200404,0.0,0.0
2024-11-11 11:05:00-05:00,349.6600036621094,352.79998779296875,348.0201110839844,352.75,3752787,0.0,0.0
2024-11-11 11:10:00-05:00,352.7099914550781,354.489990234375,351.510009765625,353.76470947265625,3981805,0.0,0.0
2024-11-11 11:15:00-05:00,353.7380065917969,355.64990234375,352.7301025390625,355.6315002441406,2844921,0.0,0.0
2024-11-11 11:20:00-05:00,355.489990234375,357.29998779296875,354.510009765625,356.7001037597656,3621802,0.0,0.0
2024-11-11 11:25:00-05:00,356.7106018066406,357.5,355.260009765625,356.7936096191406,2883310,0.0,0.0
2024-11-11 11:30:00-05:00,356.7308044433594,358.6400146484375,352.3100891113281,354.0060119628906,5471189,0.0,0.0
2024-11-11 11:35:00-05:00,354.1199951171875,354.260009765625,351.5101013183594,352.6099853515625,2609826,0.0,0.0
2024-11-11 11:40:00-05:00,352.5,352.6299133300781,348.781005859375,350.71990966796875,3100760,0.0,0.0
2024-11-11 11:45:00-05:00,350.70001220703125,350.71551513671875,346.010009765625,347.04998779296875,2899009,0.0,0.0
2024-11-11 11:50:00-05:00,347.1499938964844,348.9999084472656,344.2900085449219,345.8699951171875,3078275,0.0,0.0
2024-11-11 11:55:00-05:00,345.8299865722656,346.3999938964844,342.7500915527344,345.8599853515625,2708292,0.0,0.0
2024-11-11 12:00:00-05:00,346.0,348.5299987792969,345.5201110839844,347.05499267578125,2231961,0.0,0.0
2024-11-11 12:05:00-05:00,347.1099853515625,348.7073974609375,346.5,348.1600036621094,1457734,0.0,0.0
2024-11-11 12:10:00-05:00,348.2200012207031,348.3900146484375,343.95001220703125,345.1099853515625,1786731,0.0,0.0
2024-11-11 12:15:00-05:00,345.1299133300781,346.989990234375,344.5199890136719,345.9092102050781,1346899,0.0,0.0
2024-11-11 12:20:00-05:00,345.8999938964844,348.0299987792969,344.4200134277344,346.57501220703125,2112222,0.0,0.0
2024-11-11 12:25:00-05:00,346.5400085449219,347.1000061035156,343.6000061035156,344.3800048828125,1395782,0.0,0.0
2024-11-11 12:30:00-05:00,344.34210205078125,346.8500061035156,344.0801086425781,346.67498779296875,1267414,0.0,0.0
2024-11-11 12:35:00-05:00,346.7099914550781,346.9800109863281,343.2799987792969,343.3999938964844,1182769,0.0,0.0
2024-11-11 12:40:00-05:00,343.4599914550781,343.9800109863281,340.79998779296875,343.0553894042969,2310627,0.0,0.0
2024-11-11 12:45:00-05:00,343.0950012207031,343.1698913574219,339.54998779296875,340.9049987792969,2228097,0.0,0.0
2024-11-11 12:50:00-05:00,340.9389953613281,344.781494140625,340.79998779296875,344.589111328125,1627274,0.0,0.0
2024-11-11 12:55:00-05:00,344.40008544921875,344.4425048828125,341.79998779296875,341.84991455078125,1089678,0.0,0.0
2024-11-11 13:00:00-05:00,341.7200012207031,342.07989501953125,338.6900939941406,341.3599853515625,2471455,0.0,0.0
2024-11-11 13:05:00-05:00,341.29998779296875,341.7499084472656,339.10009765625,339.6099853515625,1192345,0.0,0.0
2024-11-11 13:10:00-05:00,339.70001220703125,340.44000244140625,337.82000732421875,340.2300109863281,1907605,0.0,0.0
2024-11-11 13:15:00-05:00,340.2380065917969,340.2900085449219,337.70001220703125,337.8349914550781,1359213,0.0,0.0
2024-11-11 13:20:00-05:00,337.79010009765625,338.83990478515625,336.0,337.7300109863281,2547622,0.0,0.0
2024-11-11 13:25:00-05:00,337.760009765625,340.79998779296875,337.3302917480469,340.6400146484375,1845506,0.0,0.0
2024-11-11 13:30:00-05:00,340.6099853515625,342.7900085449219,340.43011474609375,342.455810546875,1787061,0.0,0.0
2024-11-11 13:35:00-05:00,342.385009765625,343.2699890136719,342.1000061035156,343.2168884277344,1349587,0.0,0.0
2024-11-11 13:40:00-05:00,343.2123107910156,343.8900146484375,342.2001037597656,342.7799987792969,1302856,0.0,0.0
2024-11-11 13:45:00-05:00,342.79998779296875,345.5971984863281,342.6300048828125,345.4599914550781,2018805,0.0,0.0
2024-11-11 13:50:00-05:00,345.4599914550781,347.20001220703125,345.2001037597656,346.94000244140625,1904053,0.0,0.0
2024-11-11 13:55:00-05:00,346.95001220703125,347.79998779296875,346.36529541015625,347.5163879394531,1744133,0.0,0.0
2024-11-11 14:00:00-05:00,347.56829833984375,348.80999755859375,346.5000915527344,348.53619384765625,1761901,0.0,0.0
2024-11-11 14:05:00-05:00,348.5299987792969,349.9100036621094,347.8500061035156,349.7349853515625,1730510,0.0,0.0
2024-11-11 14:10:00-05:00,349.79998779296875,349.8699951171875,346.70001220703125,347.07000732421875,1886735,0.0,0.0
2024-11-11 14:15:00-05:00,347.1000061035156,348.6000061035156,346.9200134277344,347.14990234375,1350152,0.0,0.0
2024-11-11 14:20:00-05:00,346.9800109863281,347.9100036621094,346.1499938964844,346.2900085449219,1116369,0.0,0.0
2024-11-11 14:25:00-05:00,346.32000732421875,347.29998779296875,345.29998779296875,345.42999267578125,1199868,0.0,0.0
2024-11-11 14:30:00-05:00,345.3599853515625,347.8500061035156,344.2701110839844,347.7099914550781,1751847,0.0,0.0
2024-11-11 14:35:00-05:00,347.70001220703125,348.010009765625,345.6000061035156,345.80999755859375,1174285,0.0,0.0
2024-11-11 14:40:00-05:00,345.760009765625,346.4700012207031,344.7900085449219,345.07989501953125,1111365,0.0,0.0
2024-11-11 14:45:00-05:00,345.010009765625,345.29840087890625,343.5,343.7290954589844,1399321,0.0,0.0
2024-11-11 14:50:00-05:00,343.7915954589844,344.0400085449219,342.79998779296875,343.0299987792969,1194814,0.0,0.0
2024-11-11 14:55:00-05:00,343.0799865722656,344.5,342.1499938964844,344.0556945800781,1282138,0.0,0.0
2024-11-11 15:00:00-05:00,344.0350036621094,344.42999267578125,342.8999938964844,343.1000061035156,952192,0.0,0.0
2024-11-11 15:05:00-05:00,343.1600036621094,346.1199951171875,343.0400085449219,345.93011474609375,1377471,0.0,0.0
2024-11-11 15:10:00-05:00,346.0,346.25,344.8999938964844,345.20001220703125,965630,0.0,0.0
2024-11-11 15:15:00-05:00,345.29998779296875,345.3399963378906,343.80999755859375,344.3999938964844,930648,0.0,0.0
2024-11-11 15:20:00-05:00,344.4049987792969,345.4765930175781,343.5400085449219,345.1300048828125,1044932,0.0,0.0
2024-11-11 15:25:00-05:00,345.10009765625,346.8599853515625,345.07000732421875,346.7648010253906,1365955,0.0,0.0
2024-11-11 15:30:00-05:00,346.7449951171875,347.6000061035156,345.82000732421875,347.3200988769531,1482924,0.0,0.0
2024-11-11 15:35:00-05:00,347.2701110839844,349.5,347.260009765625,348.5940856933594,2110752,0.0,0.0
2024-11-11 15:40:00-05:00,348.6400146484375,348.75,347.260009765625,347.8070983886719,1296100,0.0,0.0
2024-11-11 15:45:00-05:00,347.7900085449219,347.7900085449219,346.1600036621094,346.29998779296875,1343418,0.0,0.0
2024-11-11 15:50:00-05:00,346.3999938964844,348.56549072265625,346.3999938964844,347.760009765625,1895793,0.0,0.0
2024-11-11 15:55:00-05:00,347.80999755859375,350.760009765625,347.80010986328125,350.6231994628906,4326712,0.0,0.0
2024-11-12 09:30:00-05:00,339.2799987792969,341.3900146484375,335.29998779296875,340.42999267578125,23069128,0.0,0.0
2024-11-12 09:35:00-05:00,340.41009521484375,344.5899963378906,339.0,341.360107421875,4095920,0.0,0.0
2024-11-12 09:40:00-05:00,341.4599914550781,343.6000061035156,338.4700012207031,339.75,3150509,0.0,0.0
2024-11-12 09:45:00-05:00,339.75,343.2889099121094,339.2200012207031,342.2799987792969,2414502,0.0,0.0
2024-11-12 09:50:00-05:00,342.2699890136719,343.95001220703125,340.010009765625,341.5899963378906,2221065,0.0,0.0
2024-11-12 09:55:00-05:00,341.6449890136719,342.409912109375,338.68011474609375,340.2799987792969,2321213,0.0,0.0
2024-11-12 10:00:00-05:00,340.1650085449219,342.2099914550781,339.010009765625,339.0199890136719,2117068,0.0,0.0
2024-11-12 10:05:00-05:00,339.1199951171875,340.44000244140625,338.29998779296875,340.0299987792969,1967404,0.0,0.0
2024-11-12 10:10:00-05:00,340.0,341.9700012207031,338.6199951171875,338.889892578125,1968345,0.0,0.0
2024-11-12 10:15:00-05:00,338.864990234375,339.1698913574219,335.94000244140625,337.4100036621094,2797105,0.0,0.0
2024-11-12 10:20:00-05:00,337.4100036621094,339.2200012207031,337.0299987792969,338.239990234375,1811281,0.0,0.0
2024-11-12 10:25:00-05:00,338.260009765625,341.1199951171875,338.1600036621094,339.6007080078125,1943162,0.0,0.0
2024-11-12 10:30:00-05:00,339.70001220703125,342.159912109375,339.2699890136719,341.80999755859375,2362041,0.0,0.0
2024-11-12 10:35:00-05:00,341.8800048828125,345.54998779296875,341.4700012207031,343.6600036621094,3015522,0.0,0.0
2024-11-12 10:40:00-05:00,343.60009765625,344.3500061035156,342.28009033203125,342.42999267578125,1303797,0.0,0.0
2024-11-12 10:45:00-05:00,342.4100036621094,343.75,342.1400146484375,343.0793151855469,1086340,0.0,0.0
2024-11-12 10:50:00-05:00,343.0000915527344,343.5,342.54998779296875,342.6601867675781,805814,0.0,0.0
2024-11-12 10:55:00-05:00,342.67498779296875,343.3500061035156,340.94000244140625,341.00079345703125,1305272,0.0,0.0
2024-11-12 11:00:00-05:00,340.95001220703125,341.6000061035156,340.29998779296875,341.1400146484375,1197377,0.0,0.0
2024-11-12 11:05:00-05:00,341.1499938964844,341.59991455078125,339.67010498046875,339.760009765625,988067,0.0,0.0
2024-11-12 11:10:00-05:00,339.8349914550781,340.409912109375,339.1099853515625,339.59991455078125,986666,0.0,0.0
2024-11-12 11:15:00-05:00,339.55499267578125,341.67999267578125,339.25,341.5600891113281,1023866,0.0,0.0
2024-11-12 11:20:00-05:00,341.6000061035156,341.8900146484375,339.5,339.54998779296875,943568,0.0,0.0
2024-11-12 11:25:00-05:00,339.510009765625,340.489990234375,339.239990234375,340.4032897949219,837515,0.0,0.0
2024-11-12 11:30:00-05:00,340.3832092285156,340.6492919921875,339.32000732421875,339.49749755859375,762341,0.0,0.0
2024-11-12 11:35:00-05:00,339.4590148925781,339.8299865722656,337.6300048828125,337.7898864746094,1233080,0.0,0.0
2024-11-12 11:40:00-05:00,337.75,338.5220031738281,337.3599853515625,337.94500732421875,935458,0.0,0.0
2024-11-12 11:45:00-05:00,337.8900146484375,337.9800109863281,336.6000061035156,336.8900146484375,1077042,0.0,0.0
2024-11-12 11:50:00-05:00,336.8900146484375,339.239990234375,336.6499938964844,338.4455871582031,1391367,0.0,0.0
2024-11-12 11:55:00-05:00,338.4580993652344,338.6700134277344,336.3100891113281,336.6671142578125,1136760,0.0,0.0
2024-11-12 12:00:00-05:00,336.6600036621094,337.8699951171875,336.2701110839844,337.22021484375,1088009,0.0,0.0
2024-11-12 12:05:00-05:00,337.2149963378906,337.29998779296875,333.7012939453125,334.72039794921875,2604684,0.0,0.0
2024-11-12 12:10:00-05:00,334.70001220703125,334.7699890136719,332.70001220703125,333.3301086425781,2044287,0.0,0.0
2024-11-12 12:15:00-05:00,333.3699951171875,334.739990234375,333.1499938964844,333.15008544921875,1203824,0.0,0.0
2024-11-12 12:20:00-05:00,333.15069580078125,333.4085998535156,330.42999267578125,331.1000061035156,2793466,0.0,0.0
2024-11-12 12:25:00-05:00,331.10870361328125,332.9200134277344,330.989990234375,332.7200012207031,1673668,0.0,0.0
2024-11-12 12:30:00-05:00,332.7900085449219,334.45989990234375,332.4599914550781,334.12799072265625,1301099,0.0,0.0
2024-11-12 12:35:00-05:00,334.1400146484375,334.75,333.3299865722656,333.44500732421875,1075244,0.0,0.0
2024-11-12 12:40:00-05:00,333.4728088378906,334.2900085449219,331.6199951171875,331.6199951171875,1099504,0.0,0.0
2024-11-12 12:45:00-05:00,331.6300048828125,332.29998779296875,329.260009765625,330.27740478515625,2336881,0.0,0.0
2024-11-12 12:50:00-05:00,330.2900085449219,331.2799072265625,328.85009765625,330.4599914550781,1777495,0.0,0.0
2024-11-12 12:55:00-05:00,330.5,330.6499938964844,328.20001220703125,328.239990234375,1897477,0.0,0.0
2024-11-12 13:00:00-05:00,328.23040771484375,329.0599060058594,326.260009765625,328.7550048828125,2659047,0.0,0.0
2024-11-12 13:05:00-05:00,328.7484130859375,329.3599853515625,327.60009765625,328.5400085449219,1341198,0.0,0.0
2024-11-12 13:10:00-05:00,328.5299987792969,329.159912109375,327.0299987792969,328.34619140625,1216166,0.0,0.0
2024-11-12 13:15:00-05:00,328.3699951171875,328.8800048828125,327.2300109863281,327.4798889160156,1257312,0.0,0.0
2024-11-12 13:20:00-05:00,327.3500061035156,327.8900146484375,324.45001220703125,324.82000732421875,2379219,0.0,0.0
2024-11-12 13:25:00-05:00,324.8299865722656,325.55999755859375,323.30999755859375,325.07000732421875,2437264,0.0,0.0
2024-11-12 13:30:00-05:00,325.07000732421875,329.3999938964844,325.0303955078125,329.0841064453125,2182940,0.0,0.0
2024-11-12 13:35:00-05:00,329.06060791015625,329.55999755859375,327.5201110839844,327.57000732421875,1470549,0.0,0.0
2024-11-12 13:40:00-05:00,327.639892578125,329.19000244140625,327.54998779296875,328.8500061035156,1086725,0.0,0.0
2024-11-12 13:45:00-05:00,328.8399963378906,330.25,328.1200866699219,328.8999938964844,1483571,0.0,0.0
2024-11-12 13:50:00-05:00,328.9700012207031,331.260009765625,328.92010498046875,330.9700012207031,1255600,0.0,0.0
2024-11-12 13:55:00-05:00,330.94000244140625,332.6899108886719,330.5400085449219,331.75,1829531,0.0,0.0
2024-11-12 14:00:00-05:00,331.7099914550781,331.739990234375,329.55999755859375,329.989990234375,1272816,0.0,0.0
2024-11-12 14:05:00-05:00,329.9660949707031,331.09991455078125,329.5,329.7349853515625,1117568,0.0,0.0
2024-11-12 14:10:00-05:00,329.7349853515625,329.7898864746094,327.5,327.5101013183594,1449896,0.0,0.0
2024-11-12 14:15:00-05:00,327.514892578125,329.6400146484375,327.4599914550781,329.2900085449219,1325130,0.0,0.0
2024-11-12 14:20:00-05:00,329.3399963378906,331.1799011230469,328.8399963378906,331.0400085449219,1337669,0.0,0.0
2024-11-12 14:25:00-05:00,331.0799865722656,332.75,331.04998779296875,331.69500732421875,1546834,0.0,0.0
2024-11-12 14:30:00-05:00,331.6549987792969,333.1189880371094,331.1199951171875,332.643310546875,1355391,0.0,0.0
2024-11-12 14:35:00-05:00,332.5801086425781,334.17999267578125,332.54998779296875,332.8099060058594,1578825,0.0,0.0
2024-11-12 14:40:00-05:00,332.78009033203125,333.2900085449219,331.7300109863281,333.1463928222656,1154746,0.0,0.0
2024-11-12 14:45:00-05:00,333.1899108886719,333.2898864746094,331.8100891113281,332.0,823486,0.0,0.0
2024-11-12 14:50:00-05:00,331.9849853515625,332.2699890136719,331.2200012207031,331.8699951171875,826426,0.0,0.0
2024-11-12 14:55:00-05:00,331.94000244140625,332.44000244140625,330.239990234375,331.6300964355469,1111548,0.0,0.0
2024-11-12 15:00:00-05:00,331.7099914550781,332.94000244140625,331.17999267578125,332.0,984988,0.0,0.0
2024-11-12 15:05:00-05:00,331.99639892578125,332.8800048828125,331.2099914550781,332.6077880859375,833763,0.0,0.0
2024-11-12 15:10:00-05:00,332.60009765625,332.8699951171875,330.8215026855469,330.93499755859375,849021,0.0,0.0
2024-11-12 15:15:00-05:00,330.92999267578125,331.08990478515625,328.80999755859375,329.4205017089844,1375458,0.0,0.0
2024-11-12 15:20:00-05:00,329.4700012207031,330.22979736328125,328.760009765625,329.2200012207031,900642,0.0,0.0
2024-11-12 15:25:00-05:00,329.18499755859375,329.2900085449219,327.5,328.3399963378906,1560552,0.0,0.0
2024-11-12 15:30:00-05:00,328.3999938964844,328.489990234375,326.2799987792969,326.44000244140625,1365581,0.0,0.0
2024-11-12 15:35:00-05:00,326.5,328.7799072265625,326.1099853515625,328.59991455078125,1564225,0.0,0.0
2024-11-12 15:40:00-05:00,328.57000732421875,329.67999267578125,328.1000061035156,328.8999938964844,1211466,0.0,0.0
2024-11-12 15:45:00-05:00,328.8900146484375,329.1965026855469,327.45001220703125,328.0150146484375,1309352,0.0,0.0
2024-11-12 15:50:00-05:00,327.9700012207031,329.30999755859375,327.0273132324219,329.0,1626828,0.0,0.0
2024-11-12 15:55:00-05:00,328.94000244140625,329.45001220703125,327.90008544921875,328.2300109863281,3125471,0.0,0.0
